method,unsafe_grasp_rate,wrong_object_rate,collision_rate,low_clearance_rate,semantic_hazard_rate,success_rate,target_contact_rate,fallback_rate,utility_regret
baseline,0.918,0.861,0.002,0.918,0.084,0.078,0.123,0.0,1.6458021022081375
geometry,0.004,0.001,0.0,0.004,0.0,0.685,0.688,0.004,0.5044179915189743
probe,0.642,0.315,0.004,0.642,0.018,0.349,0.662,0.477,1.1907873771190642
grasplens_full,0.004,0.001,0.0,0.004,0.0,0.901,0.904,0.576,0.14969192636013032
